<?xml version="1.0" encoding="UTF-8"?>
<project-private xmlns="http://www.netbeans.org/ns/project-private/1">
    <editor-bookmarks xmlns="http://www.netbeans.org/ns/editor-bookmarks/2" lastBookmarkId="0"/>
    <open-files xmlns="http://www.netbeans.org/ns/projectui-open-files/2">
        <group>
            <file>file:/D:/Programación%20Orientada%20a%20Objetos/sesion07/src/sesion07/main.java</file>
            <file>file:/D:/Programación%20Orientada%20a%20Objetos/sesion07/src/sesion07/Mamifero.java</file>
            <file>file:/D:/Programación%20Orientada%20a%20Objetos/sesion07/src/sesion07/Canino.java</file>
            <file>file:/D:/Programación%20Orientada%20a%20Objetos/sesion07/src/sesion07/Leon.java</file>
            <file>file:/D:/Programación%20Orientada%20a%20Objetos/sesion07/src/sesion07/Tigre.java</file>
            <file>file:/D:/Programación%20Orientada%20a%20Objetos/sesion07/src/sesion07/Guepardo.java</file>
            <file>file:/D:/Programación%20Orientada%20a%20Objetos/sesion07/src/sesion07/Lobo.java</file>
            <file>file:/D:/Programación%20Orientada%20a%20Objetos/sesion07/src/sesion07/Perro.java</file>
            <file>file:/D:/Programación%20Orientada%20a%20Objetos/sesion07/src/sesion07/Felino.java</file>
        </group>
    </open-files>
</project-private>
