<?xml version="1.0" encoding="UTF-8"?>
<project-private xmlns="http://www.netbeans.org/ns/project-private/1">
    <editor-bookmarks xmlns="http://www.netbeans.org/ns/editor-bookmarks/2" lastBookmarkId="0"/>
    <open-files xmlns="http://www.netbeans.org/ns/projectui-open-files/2">
        <group>
            <file>file:/D:/Java/TÉCNICAS%20DE%20PROGRAM.ORIE.%20OBJ/NetBeans/Semana7/CaseEstudyS11/src/caseestudys11/CaseEstudyS11.java</file>
            <file>file:/D:/Java/TÉCNICAS%20DE%20PROGRAM.ORIE.%20OBJ/NetBeans/Semana7/CaseEstudyS11/src/caseestudys11/Tema.java</file>
            <file>file:/D:/Java/TÉCNICAS%20DE%20PROGRAM.ORIE.%20OBJ/NetBeans/Semana7/CaseEstudyS11/src/caseestudys11/Asignatura.java</file>
            <file>file:/D:/Java/TÉCNICAS%20DE%20PROGRAM.ORIE.%20OBJ/NetBeans/Semana7/CaseEstudyS11/src/caseestudys11/Grupo.java</file>
            <file>file:/D:/Java/TÉCNICAS%20DE%20PROGRAM.ORIE.%20OBJ/NetBeans/Semana7/CaseEstudyS11/src/caseestudys11/Estudiante.java</file>
            <file>file:/D:/Java/TÉCNICAS%20DE%20PROGRAM.ORIE.%20OBJ/NetBeans/Semana7/CaseEstudyS11/src/caseestudys11/Matricula.java</file>
        </group>
    </open-files>
</project-private>
